age,job,marital,education,default,balance,housing,loan,contact,day,month,duration,campaign,pdays,previous,poutcome,actual,predicted,prob_yes
31,10,1,2,0,5534,1,1,0,29,0,2050,31,-1,8,3,1,0,0.1034
53,4,2,1,0,1051,1,0,1,8,10,329,44,-1,1,3,0,0,0.1502
52,2,1,1,0,2462,0,0,0,11,8,278,46,-1,1,3,0,0,0.1987
63,8,1,1,0,4057,0,0,0,11,9,2351,18,-1,9,1,0,0,0.1087
45,7,2,1,0,567,0,0,0,3,5,1852,37,-1,9,3,0,0,0.1502
51,7,1,2,0,9933,1,0,0,4,6,1907,1,-1,9,3,0,0,0.1987
50,6,2,2,0,8288,1,0,0,4,1,1361,40,36,5,3,0,0,0.1502
54,7,1,2,0,-280,0,0,0,2,9,3243,44,-1,3,3,1,0,0.1087
52,5,1,2,0,7479,0,0,0,3,8,216,2,-1,7,3,1,0,0.1987
76,0,2,1,0,8581,0,0,1,22,1,1816,6,-1,0,3,0,0,0.1502
36,3,1,2,1,381,0,1,0,23,0,350,23,-1,9,3,0,0,0.1034
45,1,2,2,0,7339,0,0,0,5,2,599,33,-1,1,2,0,0,0.1502
33,7,1,0,0,6983,1,0,0,29,1,3529,12,213,9,3,0,0,0.1034
61,9,2,1,0,2935,0,0,2,1,8,1980,31,-1,3,3,0,0,0.1502
70,6,1,1,0,6226,1,0,0,15,3,396,25,-1,1,3,0,0,0.1087
28,9,0,0,0,2847,1,0,0,8,10,373,6,327,2,3,0,0,0.1034
52,5,1,1,0,274,1,0,0,19,10,562,21,-1,8,1,0,0,0.1987
20,9,1,2,0,8108,1,0,1,3,2,3574,2,294,6,3,0,0,0.1034
19,6,1,1,0,733,1,0,0,10,8,1224,24,364,2,3,0,0,0.1034
70,4,2,1,0,4347,0,0,1,12,6,436,45,-1,3,3,0,0,0.1502
79,0,2,1,0,4946,0,0,0,12,9,290,29,-1,4,3,0,0,0.1502
19,2,1,0,0,5936,0,0,1,21,0,3102,39,-1,7,3,0,0,0.1034
44,5,1,1,0,2755,0,0,0,5,10,3325,34,-1,6,3,0,0,0.1275
39,6,1,1,0,7001,1,0,2,6,10,1288,19,-1,2,3,1,0,0.1034
76,2,1,1,0,-22,0,0,0,28,1,2847,23,-1,2,3,0,0,0.1087
57,2,1,2,0,7104,1,1,0,12,8,2600,10,298,6,3,0,0,0.1087
20,9,1,1,0,1242,1,0,0,30,9,3572,38,-1,9,3,0,0,0.1034
53,9,1,2,0,9805,0,0,2,20,8,2949,40,-1,2,0,0,0,0.1987
18,10,1,1,0,9299,1,0,0,24,0,1977,38,-1,8,3,0,0,0.1034
58,3,1,0,0,7628,0,0,0,22,6,1600,22,7,0,0,0,0,0.1087
75,2,0,1,0,-240,0,0,0,26,1,1280,4,-1,7,3,0,0,0.1087
74,5,2,2,0,9202,0,0,1,10,0,2101,41,-1,1,0,0,0,0.0
56,11,1,2,0,9709,1,0,0,9,9,1755,34,-1,6,3,0,0,0.1087
58,9,1,2,0,3075,1,0,2,4,9,388,44,-1,9,3,0,0,0.1087
49,7,2,2,0,638,1,0,0,4,11,2882,19,-1,9,1,0,0,0.4783
57,4,2,1,0,1105,1,0,0,26,8,2406,10,363,9,3,0,0,0.0581
49,8,1,0,0,2298,0,1,0,23,1,1533,36,-1,0,2,0,0,0.0403
29,9,1,2,0,5656,1,0,1,18,9,927,41,-1,7,3,0,0,0.1034
40,6,1,1,0,4879,1,1,2,30,3,2666,25,-1,6,3,0,0,0.1275
38,10,1,0,0,3972,1,0,0,26,4,3533,9,-1,7,3,1,0,0.1034
74,11,0,1,0,9652,1,1,2,28,11,3517,44,-1,8,3,0,0,0.2574
70,0,2,2,0,7297,1,0,1,18,9,2242,23,-1,5,3,0,0,0.1502
75,3,1,3,0,9916,0,1,2,8,5,2032,40,-1,6,3,0,0,0.1087
26,10,2,0,0,382,1,0,0,14,10,292,30,258,9,3,1,0,0.1502
43,5,0,1,0,2729,0,0,1,23,10,453,46,-1,8,2,0,0,0.0403
78,5,1,0,0,2505,1,0,0,8,2,3141,45,-1,4,3,0,0,0.1087
50,9,2,1,0,3495,1,1,2,11,10,1044,12,-1,9,3,0,0,0.1502
26,3,1,1,0,5986,0,0,1,13,7,1778,45,-1,2,3,0,0,0.1034
70,9,1,2,0,7236,0,0,2,10,6,389,7,-1,5,3,1,0,0.1087
72,5,1,1,0,7372,0,0,2,16,7,1109,11,244,2,3,0,0,0.1087
61,7,1,1,0,1017,1,0,0,26,2,2277,9,-1,4,3,0,0,0.1087
22,0,1,1,0,-145,0,0,2,30,2,1145,12,-1,0,3,0,0,0.1034
57,10,1,0,0,2100,1,0,0,21,9,1361,34,-1,1,3,0,0,0.1087
32,1,0,2,0,9365,1,1,2,10,8,327,20,-1,4,0,0,0,0.1809
77,7,2,1,0,471,1,0,1,29,6,3108,28,-1,5,3,0,0,0.0581
43,11,2,1,0,5569,0,0,2,24,9,54,24,-1,0,3,0,0,0.1502
19,7,1,1,0,1865,1,1,2,24,11,3408,3,331,7,3,0,0,0.1034
38,2,2,1,0,2319,1,0,0,23,2,2194,22,-1,3,3,0,0,0.1502
60,4,2,1,0,6130,0,1,0,25,2,1411,37,-1,2,3,0,0,0.0581
25,0,1,1,0,2522,0,0,0,22,9,316,46,41,1,3,0,0,0.1034
32,6,1,1,0,1383,1,0,0,23,6,797,5,-1,1,3,0,0,0.1034
24,5,2,1,0,6904,1,0,1,21,0,3575,17,-1,3,3,0,0,0.1502
38,6,1,1,0,9588,0,0,0,11,3,953,41,-1,2,3,1,0,0.1034
67,3,2,2,0,8026,0,1,0,19,8,2428,6,234,8,3,0,0,0.1502
30,8,2,1,0,5014,1,0,0,9,6,125,2,-1,8,1,0,0,0.1979
73,3,1,1,0,4944,0,0,0,22,7,2303,36,-1,8,0,1,0,0.1087
51,1,0,2,0,8368,0,1,0,27,0,1494,13,-1,1,3,0,0,0.1987
75,1,1,1,0,-247,0,0,1,22,10,853,35,-1,7,3,0,0,0.1087
72,11,1,1,0,8712,1,0,0,15,1,554,25,-1,8,3,0,0,0.1087
65,6,1,1,0,4778,1,0,0,21,1,19,26,-1,9,1,0,0,0.1087
30,5,2,0,0,8875,1,1,0,28,3,1582,11,-1,3,2,1,0,0.0581
79,7,2,1,0,2766,1,0,0,14,9,3293,49,-1,5,3,0,0,0.1502
52,2,1,2,0,7128,1,0,2,11,9,2153,4,-1,4,3,0,0,0.1987
42,6,1,1,0,692,1,0,0,25,10,2857,42,-1,2,3,0,0,0.1275
22,9,2,2,0,6639,1,0,0,21,4,78,9,-1,0,3,0,0,0.1502
72,4,2,0,1,5758,0,0,0,11,6,1750,29,363,9,3,0,0,0.1502
66,7,2,0,0,2276,0,0,2,7,4,1045,14,157,3,3,0,0,0.1502
79,6,1,1,0,235,1,0,0,27,7,960,11,-1,7,3,0,0,0.1087
47,4,1,3,0,5170,0,1,1,20,10,70,8,-1,8,3,0,0,0.0403
23,6,1,2,0,8882,0,0,2,9,1,188,24,-1,2,3,0,0,0.1034
18,5,1,1,0,1882,1,0,1,28,9,1186,36,83,6,3,0,0,0.1034
40,6,1,1,0,337,0,1,2,6,6,1353,29,-1,9,3,0,0,0.0403
19,1,0,2,0,3572,0,0,0,19,4,1427,38,-1,2,1,0,0,0.1034
43,5,0,1,0,1623,0,1,0,14,0,694,28,-1,2,3,0,0,0.0403
57,8,1,2,0,2063,1,0,2,23,3,1119,43,-1,7,3,0,0,0.1087
48,10,1,2,0,787,1,0,1,10,5,2071,49,-1,3,3,0,0,0.0403
57,8,1,1,0,6525,1,0,0,17,1,1310,21,-1,9,3,0,0,0.1087
25,4,2,1,0,1164,0,0,0,28,10,2068,27,-1,2,3,1,0,0.0581
28,8,1,0,0,7551,0,0,0,24,3,725,1,-1,7,0,0,0,0.1809
53,6,1,1,0,5749,1,0,0,28,9,344,35,-1,7,3,0,0,0.1987
45,7,1,2,0,7047,0,0,0,27,11,2991,22,191,2,1,0,0,0.1275
55,4,1,2,0,1935,1,0,0,26,9,2278,33,-1,3,3,0,0,0.1087
19,8,1,2,0,4724,0,0,0,30,3,1613,22,-1,7,3,0,0,0.1034
76,9,1,1,0,7266,1,0,0,4,9,1947,29,-1,3,3,0,0,0.1087
31,11,0,1,0,2285,1,0,0,17,2,1862,12,-1,8,3,0,0,0.1034
63,10,1,2,0,1477,1,1,0,19,5,3535,20,-1,1,3,0,0,0.1087
36,2,1,2,0,7249,1,0,2,5,5,1642,24,-1,1,3,0,0,0.1034
68,5,1,2,0,1517,1,0,0,30,11,986,25,-1,4,3,0,0,0.2574
28,1,0,2,0,7144,1,0,0,2,9,2860,46,-1,7,3,0,0,0.1034
46,10,2,0,0,2462,1,0,0,7,10,238,41,-1,3,3,0,0,0.1502
62,4,1,1,0,3967,0,0,0,1,6,3029,7,169,8,3,0,0,0.1087
71,8,1,1,0,4902,1,0,0,27,11,3053,47,-1,6,0,0,0,0.2574
68,5,1,2,0,3209,1,0,0,9,10,679,42,150,7,3,0,0,0.1087
35,4,1,2,0,6300,0,1,0,23,4,1166,22,-1,2,2,1,0,0.1034
52,1,2,1,0,6300,0,0,2,14,4,2471,24,-1,6,3,0,0,0.1502
72,7,0,1,0,-454,1,0,0,14,4,1646,10,-1,3,3,0,0,0.1087
40,4,1,1,1,4003,1,0,2,17,1,1715,46,-1,9,3,0,0,0.0403
30,11,1,1,0,7783,1,0,2,11,6,1720,2,-1,9,3,0,0,0.1034
40,11,1,0,0,580,0,1,0,6,5,2142,34,-1,7,3,0,0,0.0403
46,11,2,1,0,9479,1,0,0,24,3,1105,30,-1,7,3,0,0,0.1502
37,4,1,1,0,4314,0,0,0,3,5,1567,42,-1,0,3,0,0,0.1034
55,0,1,2,0,6440,0,0,0,12,6,877,10,-1,2,3,0,0,0.1087
67,2,1,2,0,4554,1,0,0,10,7,399,46,386,7,3,1,0,0.1087
65,11,2,2,0,-442,0,0,2,8,0,2179,26,55,8,3,0,0,0.1502
45,7,1,2,0,-442,0,0,0,28,0,587,3,-1,9,3,0,0,0.0403
62,3,2,2,0,4987,0,0,0,9,3,1857,35,-1,3,0,0,0,0.1979
66,5,1,1,0,1393,1,0,0,24,11,2281,9,-1,9,3,0,0,0.2574
23,11,2,1,0,7620,0,1,0,11,4,407,15,-1,8,3,0,0,0.1502
62,0,1,1,0,3183,1,0,0,26,6,2307,3,61,5,3,0,0,0.1087
53,8,1,1,0,876,1,0,1,14,6,541,44,-1,4,3,0,0,0.1987
60,7,1,1,0,6791,1,0,0,3,7,3485,35,-1,2,3,0,0,0.1087
64,7,1,0,0,7058,0,0,0,14,7,1892,7,-1,7,3,0,0,0.1087
29,6,2,1,0,7530,0,0,0,14,0,554,26,-1,0,3,0,0,0.1502
20,3,2,3,0,905,1,0,2,26,1,1130,41,-1,0,2,0,0,0.2667
26,10,1,1,0,549,0,0,0,1,2,2534,41,-1,3,3,0,0,0.1034
32,8,0,2,0,975,0,0,0,3,8,3389,12,105,3,3,1,0,0.1034
25,10,1,1,0,3120,1,0,0,7,5,2953,19,-1,0,3,0,0,0.1034
39,3,0,1,0,2978,1,0,2,5,7,1631,24,212,5,3,0,0,0.1034
20,3,1,1,0,1760,0,0,0,10,5,2964,28,-1,2,3,0,0,0.1034
25,8,1,3,0,9587,1,0,0,7,5,999,6,-1,2,3,0,0,0.1034
58,10,1,2,0,4817,1,0,0,18,8,3279,42,-1,4,3,0,0,0.1087
77,0,0,3,0,7316,0,0,2,8,8,2004,28,-1,6,3,0,0,0.1087
72,3,1,0,0,7171,0,1,2,19,3,2315,22,-1,8,0,0,0,0.1087
44,7,1,1,0,9937,1,1,0,26,8,500,6,-1,9,3,0,0,0.0403
69,4,1,1,0,3426,1,0,0,16,10,3041,17,-1,0,3,0,0,0.1087
43,0,1,1,0,1656,1,1,0,25,1,3263,37,-1,1,2,0,0,0.1275
22,8,1,1,0,4052,1,0,1,16,7,2931,30,57,9,1,1,0,0.1034
46,5,1,0,0,7867,0,0,0,19,2,2086,19,-1,5,3,1,0,0.0403
53,11,1,1,0,7434,0,0,2,3,10,1433,25,-1,7,0,0,0,0.1987
67,4,1,2,0,2767,1,0,0,5,6,1746,38,-1,4,0,0,0,0.1087
71,1,2,2,0,7074,1,1,0,15,8,574,28,-1,0,0,0,0,0.1979
61,7,1,0,0,1873,0,1,2,21,2,2124,41,284,3,3,0,0,0.1087
77,10,0,1,0,4532,0,0,0,21,9,2305,30,-1,4,3,0,0,0.1087
54,4,1,1,0,3522,1,1,2,19,3,3334,15,-1,9,3,0,0,0.1087
40,6,2,1,0,8394,0,0,0,29,9,971,23,-1,4,0,1,0,0.1979
79,2,2,1,0,856,0,0,2,20,11,1925,33,312,9,0,0,0,0.0
55,10,2,2,0,-214,1,0,0,23,7,1032,14,-1,0,3,0,0,0.1502
54,10,2,1,0,9539,0,1,0,29,3,1133,31,-1,3,3,0,0,0.0581
71,4,1,2,0,3533,1,0,2,23,0,289,23,-1,7,0,0,0,0.1087
28,11,2,1,0,9819,0,0,0,15,10,2698,9,-1,3,3,1,0,0.1502
72,6,1,0,0,4575,0,0,0,25,3,1440,41,-1,3,3,0,0,0.1087
26,1,1,1,0,171,0,0,0,12,0,166,28,-1,0,3,0,0,0.1034
76,4,1,2,0,3221,0,0,0,4,6,1823,1,-1,6,3,0,0,0.1087
72,8,2,0,0,5618,1,0,1,23,0,2329,36,-1,5,3,0,0,0.1502
44,10,1,1,0,6215,1,0,1,23,11,2914,26,-1,6,3,0,0,0.1275
22,1,1,1,0,-230,0,1,0,27,10,2133,30,-1,0,3,1,0,0.1034
40,8,1,2,0,6660,1,0,1,5,11,2088,25,-1,2,3,0,0,0.0403
41,8,1,2,0,4767,1,0,0,4,10,563,27,277,2,3,1,0,0.0403
78,1,1,2,0,8252,1,0,0,23,3,2221,30,-1,7,3,0,0,0.1087
47,7,1,3,0,3985,1,0,0,26,7,497,11,73,8,3,0,0,0.0403
76,2,0,2,0,9144,0,0,0,12,5,597,47,-1,4,0,0,0,0.1087
53,6,2,2,0,7022,1,0,0,24,8,1710,5,-1,0,3,0,0,0.1502
19,8,1,2,0,3525,0,1,0,6,10,1254,20,-1,4,3,0,0,0.1034
38,1,1,2,0,7789,1,0,1,29,4,1165,13,-1,2,3,0,0,0.1034
22,4,1,0,0,5936,0,1,0,24,2,330,29,-1,1,3,0,0,0.1034
61,8,1,1,0,8131,0,0,0,6,6,890,43,-1,2,3,0,0,0.1087
71,0,1,1,0,7510,1,0,0,6,2,3535,4,-1,9,3,0,0,0.1087
76,10,1,1,0,9941,0,0,2,7,11,1773,30,-1,3,3,0,0,0.2574
43,0,1,1,0,8914,0,0,0,15,8,1106,30,190,3,3,0,0,0.0403
68,3,1,1,0,3774,0,0,0,21,8,1096,13,-1,6,0,1,0,0.1087
61,4,1,0,0,9792,1,0,0,3,2,2278,47,253,5,3,0,0,0.1087
47,0,1,1,0,1596,0,0,2,19,4,2052,23,353,9,3,1,0,0.0403
39,8,1,2,0,2063,1,0,0,12,10,3470,35,-1,5,0,0,0,0.1809
49,1,1,2,0,7272,1,1,0,25,7,495,6,-1,7,3,0,0,0.0403
52,2,1,1,0,1772,1,0,0,16,8,3332,3,217,1,3,0,0,0.1987
63,7,1,1,0,4832,0,0,0,14,2,146,6,-1,1,3,0,0,0.1087
71,3,2,1,0,906,1,0,1,21,4,1471,23,-1,9,3,0,0,0.1502
62,6,1,2,0,8009,1,0,0,25,10,89,34,194,4,3,0,0,0.1087
46,6,1,1,0,3763,1,0,0,14,9,1133,23,-1,6,3,0,0,0.0403
35,2,2,0,0,4890,0,0,1,13,11,729,11,3,4,3,0,0,0.1502
42,6,1,0,0,884,1,1,0,12,4,978,16,-1,5,3,0,0,0.0403
76,5,1,2,0,9271,1,0,0,15,2,1358,47,-1,7,3,0,0,0.1087
70,6,2,2,0,985,0,1,2,13,6,3221,17,-1,2,3,0,0,0.1502
20,11,1,0,0,8312,1,1,2,12,8,2902,34,-1,0,0,0,0,0.1809
28,4,1,3,0,2768,1,0,2,29,9,3259,40,-1,6,3,0,0,0.1034
18,1,2,2,0,9438,1,0,0,30,4,402,41,210,8,3,0,0,0.0581
74,11,1,1,0,116,1,1,2,21,4,1013,41,-1,8,3,0,0,0.1087
66,10,0,0,0,7891,0,0,0,26,5,1313,45,-1,9,3,0,0,0.1087
50,3,2,2,0,6231,0,1,0,8,8,2311,46,-1,5,3,0,0,0.1502
35,9,0,2,0,6658,0,1,2,16,6,756,4,-1,4,3,0,0,0.1034
42,4,1,1,0,2927,1,0,0,21,9,31,45,-1,8,3,0,0,0.0403
57,5,1,1,0,1027,1,1,2,8,0,3558,1,-1,4,3,0,0,0.1087
66,8,2,2,0,6222,1,1,2,24,4,8,10,106,2,3,0,0,0.1502
38,10,1,2,0,6410,0,0,0,16,8,1361,17,-1,1,3,1,0,0.1034
62,4,0,2,0,5911,1,1,0,22,0,864,46,-1,9,1,0,0,0.1087
61,3,1,1,0,9396,1,0,0,12,9,3062,46,245,2,2,0,0,0.1087
44,4,0,1,0,2506,1,0,1,28,11,455,23,-1,8,3,0,0,0.0403
69,8,1,1,0,653,0,0,1,8,3,3370,31,-1,3,3,0,0,0.1087
20,0,1,2,0,-185,1,1,0,12,8,160,30,-1,9,0,0,0,0.1809
22,4,1,2,0,5601,1,0,0,15,4,1650,44,-1,0,3,0,0,0.1034
58,7,1,2,0,2822,1,0,0,22,10,1542,11,-1,7,3,0,0,0.1087
47,7,1,0,0,7655,1,0,0,23,5,3483,6,264,9,3,0,0,0.1275
42,1,1,1,0,-209,0,1,2,7,9,2522,14,299,6,3,0,0,0.1275
23,5,2,1,0,5545,0,0,2,15,10,1991,12,-1,6,2,1,0,0.1502
55,7,1,3,0,9884,1,0,2,11,7,2272,8,-1,2,3,0,0,0.1087
43,5,2,1,0,9156,0,0,1,14,3,1624,4,-1,2,3,0,0,0.1502
46,3,1,2,0,6852,0,1,1,30,6,794,40,-1,9,3,0,0,0.0403
27,2,1,1,0,6703,1,0,0,22,8,3322,7,214,9,3,0,0,0.1034
20,10,1,2,0,6908,0,0,0,10,2,1790,1,-1,5,3,0,0,0.1034
33,9,1,2,0,7597,0,0,0,7,5,1322,30,-1,8,3,0,0,0.1034
74,7,1,2,0,7099,1,0,0,26,4,2388,28,-1,1,3,0,0,0.1087
64,0,2,1,0,2107,1,0,2,25,9,312,42,277,1,0,0,0,0.1979
71,3,2,0,0,3975,0,1,0,4,3,111,5,-1,1,3,0,0,0.1502
74,8,2,2,0,2184,0,0,0,19,8,2220,13,-1,1,3,0,0,0.1502
24,7,1,1,0,8589,1,0,0,15,7,80,14,-1,5,3,0,0,0.1034
52,5,2,0,0,172,1,0,0,26,10,500,31,-1,1,3,0,0,0.0581
40,6,1,2,0,3170,0,0,0,28,6,555,25,389,6,3,0,0,0.0403
26,4,2,2,0,-286,1,0,0,30,9,399,38,-1,9,3,0,0,0.0581
45,5,1,1,0,8968,0,0,0,17,9,882,11,331,1,3,0,0,0.0403
64,10,2,2,0,9593,0,0,0,23,4,384,38,-1,1,3,0,0,0.1502
55,1,0,1,0,7577,1,0,1,8,4,3519,38,13,6,0,0,0,0.1087
73,1,2,0,0,-277,0,1,0,3,8,3232,14,-1,6,3,0,0,0.1502
49,4,1,1,0,4441,0,0,0,9,4,1607,5,-1,8,3,0,0,0.0403
40,9,1,1,0,2321,1,1,0,29,11,395,30,-1,8,3,0,0,0.0403
36,11,1,3,0,2672,1,0,0,10,11,1544,42,289,7,0,0,0,0.1809
63,2,1,1,0,313,1,1,0,8,6,37,17,-1,1,3,0,0,0.1087
43,2,2,1,0,1552,1,0,2,22,1,959,22,-1,3,3,0,0,0.1502
73,8,1,1,0,2830,1,1,0,25,4,2520,41,335,6,3,1,0,0.1087
49,5,2,2,0,-497,1,1,0,30,7,621,3,-1,4,3,0,0,0.0581
21,6,2,2,0,1979,1,0,0,25,1,2702,7,-1,5,3,0,0,0.0581
37,8,2,0,0,8816,0,0,2,23,10,1248,1,-1,1,3,1,0,0.1502
26,7,2,1,0,-144,0,0,0,4,4,1353,8,-1,5,3,0,0,0.1502
67,4,2,1,0,1497,1,0,1,11,11,530,11,-1,5,3,0,0,0.1502
44,11,1,1,0,9155,0,0,0,10,11,407,6,-1,4,3,0,0,0.0403
51,8,1,1,0,4599,1,0,0,24,6,922,35,77,2,3,0,0,0.1987
45,6,1,1,0,2247,1,0,2,27,2,2294,46,-1,2,3,0,0,0.0403
70,4,2,2,0,4231,1,0,2,20,2,1287,30,207,7,3,0,0,0.1502
21,6,0,2,0,5054,0,0,0,20,4,159,11,-1,2,2,0,0,0.1034
52,2,2,1,0,2632,0,0,2,12,10,1380,31,-1,4,3,0,0,0.1502
30,2,1,2,0,8007,0,0,0,3,9,1451,34,-1,7,3,0,0,0.1034
39,9,2,1,0,-334,1,0,0,29,9,538,20,-1,1,3,0,0,0.0581
75,7,1,2,0,1086,1,0,0,25,2,525,10,-1,6,3,0,0,0.1087
76,8,1,1,0,2687,0,0,1,6,0,1972,40,-1,7,3,0,0,0.1087
26,4,1,1,0,5191,0,1,1,16,10,1571,18,23,5,3,0,0,0.1034
61,3,1,1,0,783,1,0,0,2,10,3154,11,-1,0,3,0,0,0.1087
72,8,1,1,0,5657,0,1,2,24,2,3230,22,-1,9,3,0,0,0.1087
54,6,1,0,0,3365,1,0,2,6,7,3467,7,302,8,3,0,0,0.1087
60,5,1,0,0,2922,1,0,0,24,6,286,17,-1,3,3,1,0,0.1087
64,10,2,2,0,6342,1,0,1,8,9,2312,42,243,1,3,0,0,0.1502
65,5,1,1,0,3252,1,0,0,8,8,612,36,-1,4,3,0,0,0.1087
44,1,2,1,0,9890,1,1,0,11,6,1871,7,-1,7,3,0,0,0.1502
27,3,1,0,0,6091,1,1,0,24,8,1877,8,140,0,3,0,0,0.1034
60,2,2,1,1,9629,1,0,0,22,1,2758,2,-1,6,3,0,0,0.1502
53,6,2,2,0,3803,0,0,0,23,2,1773,10,-1,0,2,0,0,0.1502
26,0,1,1,0,7704,0,0,0,21,7,189,3,-1,8,3,0,0,0.1034
75,0,1,1,0,5350,1,1,1,8,7,2236,1,-1,3,3,0,0,0.1087
42,11,1,0,0,-473,1,1,1,1,10,935,46,-1,6,3,0,0,0.0403
53,2,1,0,0,3995,1,0,2,12,0,260,46,-1,5,3,0,0,0.1987
61,9,2,2,0,3188,1,1,0,27,3,757,37,264,2,3,0,0,0.0581
30,11,1,1,0,-500,0,0,1,6,4,693,42,-1,0,2,0,0,0.1034
27,3,1,1,0,8837,1,0,2,10,8,386,11,348,2,3,0,0,0.1034
34,1,1,2,0,6191,0,0,0,8,11,3316,2,249,9,3,0,0,0.1034
63,9,0,2,0,9235,0,0,0,5,1,2155,15,-1,2,3,0,0,0.1087
78,4,1,1,0,4912,1,0,1,4,10,2238,9,-1,4,3,0,0,0.1087
48,2,1,2,0,9895,1,0,2,5,0,1308,30,-1,4,3,0,0,0.0403
61,6,0,1,0,4500,0,0,1,20,2,2700,48,-1,1,3,1,0,0.1087
52,5,1,2,0,5946,1,1,0,4,0,3191,33,-1,3,3,0,0,0.1987
20,5,1,1,0,3734,1,0,2,17,8,595,6,-1,9,3,0,0,0.1034
52,1,1,1,0,-476,0,0,0,10,9,2018,10,159,3,1,0,0,0.1987
69,9,1,1,0,158,1,0,2,6,0,1789,8,-1,6,1,0,0,0.1087
55,11,1,2,0,1647,1,0,0,19,6,2198,21,-1,8,3,0,0,0.1087
23,2,2,1,0,7147,1,0,0,4,9,428,41,-1,4,3,0,0,0.1502
46,11,1,2,0,1624,0,0,0,9,8,1433,43,-1,4,3,0,0,0.0403
58,0,1,0,0,9142,1,0,0,23,2,2790,39,-1,4,3,0,0,0.1087
52,9,1,2,0,576,0,1,2,7,4,1566,37,267,6,3,0,0,0.1987
59,5,2,0,0,7347,1,1,2,25,11,3009,10,-1,9,3,0,0,0.0581
24,10,0,2,0,1104,0,0,0,5,9,2300,26,230,5,3,0,0,0.1034
23,2,1,1,0,8750,1,0,0,13,8,3327,18,-1,1,3,1,0,0.1034
66,8,2,1,0,2744,1,0,0,14,1,545,37,363,3,3,0,0,0.1502
23,6,1,0,0,6972,1,0,1,5,3,1975,7,-1,5,3,0,0,0.1034
78,10,2,0,0,1700,1,0,2,4,1,1671,13,-1,3,3,0,0,0.1502
25,6,2,1,0,3820,0,1,1,19,5,1814,48,-1,3,3,0,0,0.1502
23,0,1,0,0,5028,1,0,0,9,9,2815,13,-1,7,3,0,0,0.1034
56,11,1,1,0,6699,0,1,1,24,11,597,45,-1,4,1,1,0,0.2574
74,7,0,1,0,5628,1,1,0,11,4,1268,17,336,6,3,0,0,0.1087
59,4,1,0,0,6221,1,0,2,8,3,1714,19,-1,0,1,0,0,0.1087
22,7,1,2,0,-474,0,0,0,25,0,3210,4,-1,0,0,0,0,0.1809
40,1,2,2,0,2871,0,0,2,24,1,1788,5,-1,3,3,0,0,0.1502
20,8,1,1,0,4656,0,0,2,20,6,1085,10,255,9,2,0,0,0.1034
55,6,2,2,0,-97,0,0,0,26,0,58,28,-1,6,3,0,0,0.0581
21,9,1,1,0,9968,1,0,2,18,10,264,42,-1,6,3,0,0,0.1034
19,4,1,1,0,2096,1,0,2,21,3,3381,11,-1,7,3,0,0,0.1034
79,1,1,1,0,1700,1,0,2,27,11,534,8,217,7,3,0,0,0.2574
29,3,1,2,0,103,0,0,0,14,5,1211,21,-1,2,1,0,0,0.1034
37,7,1,2,0,1023,1,1,0,1,3,851,46,-1,6,3,0,0,0.1034
54,2,1,1,0,3364,1,0,0,27,11,405,32,-1,5,3,1,0,0.0
61,1,1,0,0,7657,1,0,0,14,9,3582,28,-1,1,1,0,0,0.1087
68,4,1,2,0,3351,1,0,1,14,9,547,4,-1,4,3,0,0,0.1087
62,8,1,1,0,4745,0,0,0,7,3,2699,1,-1,4,2,1,0,0.1087
43,10,1,1,0,1403,1,0,0,14,8,662,14,-1,0,0,0,0,0.0403
34,1,2,1,0,7428,0,0,0,6,2,3246,20,-1,0,3,0,0,0.1502
36,2,2,0,0,3021,1,0,0,13,10,1685,3,-1,2,3,0,0,0.1502
38,2,1,2,0,7586,0,0,0,29,11,3232,25,-1,9,3,0,0,0.1034
48,10,1,2,0,7389,1,1,0,29,7,285,33,-1,0,3,0,0,0.0403
19,4,1,2,0,7969,1,0,2,19,0,2413,27,-1,5,3,0,0,0.1034
56,6,1,3,0,5732,0,0,0,3,6,3416,34,-1,9,3,0,0,0.1087
19,3,1,1,1,9703,0,0,0,24,1,65,34,-1,6,3,0,0,0.1034
64,2,0,1,0,5220,1,1,0,20,6,816,11,120,9,3,1,0,0.1087
61,10,2,1,0,5430,1,0,2,2,6,2451,26,-1,1,2,0,0,0.1502
29,6,1,1,0,9153,1,0,0,30,1,2458,6,-1,0,2,0,0,0.1034
31,6,2,0,0,1489,1,0,1,14,9,2378,27,-1,2,3,0,0,0.1502
69,4,0,1,0,6330,1,0,1,21,1,1025,9,-1,3,3,0,0,0.1087
18,1,1,1,0,1283,1,0,0,14,2,854,34,269,8,3,0,0,0.1034
42,0,1,0,0,-423,1,0,0,19,9,2273,34,245,5,3,0,0,0.0403
32,6,2,0,0,5307,1,1,0,11,1,1525,4,-1,9,1,0,0,0.1979
77,3,0,1,0,2033,1,0,1,2,3,131,2,-1,2,2,0,0,0.1087
34,10,2,1,0,6771,1,0,0,16,2,162,40,-1,2,3,0,0,0.1502
45,7,2,2,0,7266,0,0,0,15,9,2407,29,-1,8,3,0,0,0.1502
34,5,1,1,0,4009,1,0,0,13,6,527,36,-1,0,2,0,0,0.1034
32,7,1,1,0,3274,1,0,0,6,3,3306,28,-1,5,3,0,0,0.1034
54,6,1,2,0,6191,0,0,0,18,8,1547,40,-1,3,3,1,0,0.1087
52,8,1,1,0,4832,1,0,0,22,5,537,43,-1,0,3,0,0,0.1987
18,3,1,2,0,3248,0,0,0,15,5,2448,32,-1,3,3,1,0,0.1034
75,4,1,0,0,9149,0,0,1,24,7,3017,43,146,5,3,0,0,0.1087
38,7,1,1,0,1518,1,0,0,21,9,3384,18,-1,5,0,0,0,0.1809
29,3,1,2,0,9086,1,0,2,17,1,865,9,87,5,3,0,0,0.1034
73,8,1,1,0,-57,1,0,0,1,11,2823,25,-1,9,3,0,0,0.2574
24,9,2,2,0,7098,1,0,2,4,8,1503,24,-1,2,3,0,0,0.1502
47,9,0,2,0,9585,0,0,0,21,0,116,19,-1,9,2,0,0,0.0403
43,11,1,2,0,6004,1,0,0,13,5,2001,16,-1,9,3,0,0,0.0403
74,6,1,1,0,9958,0,1,0,28,2,2750,32,-1,0,1,1,0,0.1087
42,8,1,0,0,5958,1,0,0,23,3,83,49,-1,1,3,0,0,0.0403
75,9,1,0,0,1542,0,1,2,6,5,2952,30,-1,6,3,0,0,0.1087
20,7,1,2,0,6812,1,0,2,14,11,2561,20,215,1,3,0,0,0.1034
37,9,2,1,0,1423,1,0,0,27,1,3197,9,-1,1,3,0,0,0.0581
39,2,1,1,0,4837,0,0,0,22,6,2347,19,-1,4,3,0,0,0.1034
60,4,0,0,0,5388,0,0,2,20,4,2164,28,-1,1,3,0,0,0.1087
78,4,2,0,0,4656,0,1,0,3,8,3342,2,-1,1,3,1,0,0.1502
27,1,2,1,0,2270,0,0,0,28,9,2204,44,-1,7,3,1,0,0.0581
79,0,1,3,0,4947,0,0,2,5,2,3191,28,-1,6,3,0,0,0.1087
34,0,1,1,0,8440,0,0,0,20,0,2377,38,-1,8,3,0,0,0.1034
36,6,2,0,0,1171,1,0,0,26,3,1022,23,-1,1,3,0,0,0.0581
72,4,2,2,0,7249,0,1,0,22,4,983,36,-1,8,3,0,0,0.1502
39,9,1,1,0,2921,1,0,0,20,11,2554,21,-1,6,3,0,0,0.1034
64,0,1,1,0,3109,1,0,0,15,10,3331,7,-1,7,3,0,0,0.1087
78,2,1,1,0,1387,1,0,0,4,0,2892,17,-1,6,3,0,0,0.1087
51,10,2,1,0,7742,1,0,1,6,1,1895,46,-1,4,1,0,0,0.1979
75,2,1,2,0,8465,0,0,0,5,5,804,32,-1,2,3,0,0,0.1087
41,11,1,0,0,1322,1,0,2,26,0,308,7,-1,3,3,1,0,0.0403
72,0,0,2,0,3005,0,0,0,19,7,1729,46,-1,5,3,0,0,0.1087
71,0,2,2,0,4180,0,0,0,14,10,423,12,-1,1,3,1,0,0.1502
77,9,1,1,0,-474,1,0,0,18,1,2937,20,374,4,0,1,0,0.1087
60,4,1,1,0,7546,0,0,2,6,1,1173,45,270,7,3,0,0,0.1087
61,11,0,1,0,1313,1,0,0,18,3,3221,3,0,6,3,0,0,0.1087
50,10,1,1,0,7844,1,0,2,13,9,2688,13,-1,5,3,1,0,0.1987
78,7,1,1,0,3070,1,1,0,22,6,1048,2,-1,8,3,1,0,0.1087
31,11,1,1,0,5877,1,0,0,16,7,131,8,-1,0,3,0,0,0.1034
43,7,1,1,0,1904,0,1,0,20,6,2815,47,35,6,3,0,0,0.1275
26,5,1,1,0,168,0,0,0,11,7,2116,10,-1,1,3,0,0,0.1034
49,7,0,2,0,8328,0,0,0,3,4,375,6,-1,4,3,1,0,0.0403
53,8,1,1,1,4346,1,0,0,19,4,2512,16,-1,0,3,0,0,0.1987
42,11,1,1,0,4308,1,0,1,14,7,3321,41,-1,3,3,0,0,0.1275
42,2,1,2,0,6328,1,0,0,4,3,2469,45,-1,9,3,0,0,0.1275
28,7,0,1,0,1347,1,0,0,15,6,1112,15,-1,7,3,0,0,0.1034
42,8,2,1,0,2404,1,0,1,4,5,3456,18,272,9,0,0,0,0.4783
64,5,1,1,0,-96,1,0,2,4,5,1787,34,-1,5,3,0,0,0.1087
68,3,2,2,0,1752,1,0,1,22,8,2653,8,-1,7,3,0,0,0.1502
79,7,1,1,0,4371,1,1,1,16,6,136,43,-1,6,3,0,0,0.1087
59,7,0,2,0,5417,1,0,0,28,5,1343,4,369,3,3,1,0,0.1087
40,5,1,0,0,8661,0,0,0,3,5,1057,4,-1,6,3,0,0,0.0403
55,1,1,1,0,6845,0,0,0,6,3,1187,26,-1,1,3,1,0,0.1087
39,1,1,1,0,4532,0,0,0,28,7,547,35,-1,4,3,0,0,0.1034
41,7,2,3,0,8313,1,0,2,27,8,2219,34,-1,5,3,0,0,0.0581
60,0,1,1,0,1247,0,0,0,3,2,1685,18,218,9,3,0,0,0.1087
48,1,1,1,0,3142,0,0,1,15,1,1514,21,-1,8,3,0,0,0.0403
77,9,1,2,0,2436,0,0,0,21,0,2854,17,-1,8,3,1,0,0.1087
61,3,1,0,0,6917,1,0,0,9,10,487,41,-1,4,3,0,0,0.1087
21,1,1,1,0,1925,0,0,0,2,0,1023,49,-1,4,3,0,0,0.1034
69,10,1,1,0,8410,0,0,0,14,2,2642,44,-1,1,2,0,0,0.1087
79,0,2,1,0,1362,0,0,2,27,4,2381,40,17,3,2,0,0,0.0581
31,3,1,1,0,31,0,0,0,11,9,2162,38,-1,8,3,0,0,0.1034
42,6,1,1,0,6578,1,0,2,27,3,1253,45,-1,6,3,0,0,0.0403
61,5,1,1,0,7440,1,0,1,9,1,104,43,-1,0,3,0,0,0.1087
19,6,0,2,0,8367,0,0,0,25,2,1133,1,-1,1,3,0,0,0.1034
29,0,2,2,0,-212,1,0,2,20,1,3547,44,-1,0,3,0,0,0.1502
36,3,1,1,0,6583,0,0,1,26,1,806,23,342,5,3,0,0,0.1034
39,4,1,1,0,7467,1,0,0,12,4,99,2,-1,7,3,0,0,0.1034
59,4,2,1,0,3018,0,0,0,16,10,136,15,275,7,3,0,0,0.1502
78,3,1,2,0,9602,1,0,0,7,11,1090,19,230,9,3,0,0,0.2574
31,7,2,1,0,4280,0,1,0,11,11,1714,37,-1,6,3,0,0,0.1502
57,3,1,3,0,176,1,0,0,18,7,2729,27,-1,1,3,0,0,0.1087
38,1,1,1,0,1928,1,0,0,13,1,1365,6,-1,7,3,0,0,0.1034
33,8,1,2,0,2462,0,0,0,9,6,3534,1,-1,3,3,0,0,0.1034
23,4,1,1,0,502,1,0,0,22,0,1007,37,-1,9,3,0,0,0.1034
28,3,2,1,0,7648,0,0,0,15,8,109,25,-1,6,2,0,0,0.1502
39,3,0,1,0,3032,1,0,2,6,0,1641,36,-1,1,3,0,0,0.1034
79,1,1,2,0,2698,0,1,0,10,10,880,42,14,9,3,0,0,0.1087
34,3,1,1,0,4761,1,0,1,18,4,2385,23,-1,2,3,1,0,0.1034
18,1,2,2,0,3514,1,0,1,27,2,1451,32,-1,4,3,0,0,0.0581
30,3,1,2,0,4126,0,0,1,17,1,1010,10,-1,3,0,0,0,0.1809
19,6,1,0,0,1756,1,0,0,1,7,1327,37,-1,7,3,0,0,0.1034
52,0,1,1,0,-193,1,0,0,14,9,1659,29,-1,7,3,1,0,0.1987
60,11,2,0,0,6194,0,0,0,10,4,1739,42,-1,8,3,1,0,0.1502
67,10,1,0,0,6116,0,0,0,5,7,1081,39,-1,4,3,0,0,0.1087
34,3,1,2,0,2386,0,0,0,7,4,1062,34,-1,8,0,0,0,0.1809
41,5,1,2,0,7493,1,0,0,24,5,2736,17,-1,6,3,1,0,0.1275
68,2,2,1,0,6952,0,0,0,15,5,3440,28,-1,9,0,0,0,0.4783
41,10,1,1,0,9191,0,1,0,26,8,620,33,266,7,3,0,0,0.0403
74,6,1,1,0,6826,1,0,0,7,11,1344,11,3,5,3,0,0,0.2574
25,9,1,1,0,1890,1,0,0,8,9,200,35,-1,9,3,0,0,0.1034
46,4,1,0,0,6,0,0,2,1,11,973,26,-1,1,3,0,0,0.0403
66,0,1,1,0,6312,1,0,0,8,11,1229,10,-1,2,3,0,0,0.2574
40,1,1,2,0,3527,1,0,0,3,11,2800,14,-1,5,3,0,0,0.1275
46,0,1,1,0,4588,0,1,0,10,8,2706,35,343,8,0,0,0,0.1275
52,7,0,2,0,1654,1,0,0,12,9,352,11,-1,0,2,0,0,0.1987
50,11,2,2,0,8035,1,0,0,21,3,258,24,-1,7,3,0,0,0.1502
37,7,1,1,0,7896,0,1,0,10,8,969,29,-1,9,2,0,0,0.1034
37,1,0,0,0,-112,0,1,2,14,2,2899,19,-1,0,0,0,0,0.1809
19,7,1,1,1,8362,0,0,1,1,5,2405,3,-1,5,3,0,0,0.1034
52,5,1,0,0,4353,1,0,1,5,9,1840,24,353,4,3,1,0,0.1987
21,0,1,1,0,5883,1,0,0,27,11,1897,2,-1,7,3,0,0,0.1034
46,11,1,1,0,2086,0,0,0,30,7,368,45,-1,9,2,0,0,0.0403
19,6,1,0,0,8215,1,0,1,8,11,900,16,-1,9,0,0,0,0.1809
68,6,1,1,0,4913,0,0,0,3,4,1340,27,227,6,3,0,0,0.1087
73,3,1,2,0,4596,0,0,0,17,2,2307,41,80,1,3,0,0,0.1087
65,5,2,2,0,7203,0,1,0,6,9,1800,27,-1,7,3,0,0,0.1502
42,5,1,1,0,2705,1,0,0,3,11,2250,31,-1,8,3,0,0,0.0403
41,10,1,1,0,8507,1,0,0,12,1,1611,27,-1,0,0,0,0,0.0403
63,0,1,1,0,6174,1,0,0,22,5,913,18,212,9,0,0,0,0.1087
76,10,2,2,0,9385,1,0,1,30,1,1180,49,-1,8,3,0,0,0.0581
64,5,1,2,0,1276,1,0,0,17,4,645,11,-1,5,3,0,0,0.1087
64,9,0,2,0,151,0,0,0,14,4,27,27,2,6,3,0,0,0.1087
49,9,1,1,0,2337,1,1,1,27,7,2797,12,-1,3,3,0,0,0.1275
69,8,1,3,0,9484,1,1,0,3,1,2456,23,-1,8,3,0,0,0.1087
56,8,2,3,0,9903,1,0,0,4,0,449,25,-1,8,0,0,0,0.1979
77,5,0,1,0,8032,0,0,2,26,9,1968,30,-1,1,3,0,0,0.1087
77,1,2,3,0,5200,1,0,0,22,10,2015,6,140,3,3,0,0,0.1502
36,7,1,1,0,1714,1,1,0,24,8,3383,39,-1,4,3,1,0,0.1034
74,5,1,2,1,2565,1,0,1,26,7,188,31,-1,5,3,0,0,0.1087
68,9,2,2,0,6299,0,0,1,22,6,1070,22,-1,6,3,1,0,0.1502
70,3,1,3,0,3403,1,0,0,23,1,1193,48,-1,8,0,0,0,0.1087
50,9,2,2,1,7684,1,0,0,19,8,166,21,379,9,3,1,0,0.1502
46,2,1,1,0,8685,0,0,2,28,11,638,18,284,7,3,0,0,0.0403
72,10,1,1,0,3946,1,0,0,8,2,3286,14,-1,8,3,1,0,0.1087
22,6,1,1,0,963,1,1,0,17,7,2772,4,-1,0,3,1,0,0.1034
77,2,2,2,0,2932,1,0,0,22,5,3264,41,-1,7,3,0,0,0.1502
38,0,1,1,0,8793,0,0,0,24,8,2503,13,-1,2,3,0,0,0.1034
41,2,0,1,0,4872,0,0,0,29,4,1246,17,-1,6,2,0,0,0.0403
73,8,1,0,0,2486,0,0,1,7,6,977,4,271,5,3,0,0,0.1087
64,3,1,2,0,4045,1,1,1,21,10,2516,21,-1,8,3,0,0,0.1087
45,3,1,2,0,2445,1,0,2,28,0,1546,15,-1,2,3,0,0,0.0403
47,0,1,1,0,4956,1,1,0,16,2,288,24,294,2,3,0,0,0.0403
48,7,1,1,0,9864,0,0,0,28,0,978,24,-1,6,3,0,0,0.0403
58,6,1,1,0,5101,1,0,0,20,8,2268,37,14,4,2,0,0,0.1087
40,2,0,1,1,6483,1,0,0,5,8,3481,4,-1,1,3,1,0,0.1275
38,10,0,2,0,8873,0,0,0,10,1,3106,23,-1,7,3,0,0,0.1034
64,8,1,1,0,7328,1,0,0,20,8,308,16,-1,1,3,0,0,0.1087
57,0,2,1,0,2038,1,0,0,4,0,2784,23,371,0,3,1,0,0.1502
71,11,2,0,0,4544,1,0,2,5,9,2124,49,-1,0,3,0,0,0.1502
45,7,2,0,0,959,1,0,1,12,9,3307,37,-1,8,3,0,0,0.1502
40,8,1,1,0,72,0,0,0,6,0,2468,12,-1,8,3,0,0,0.1275
64,10,2,1,0,4176,1,0,2,13,8,2168,7,-1,1,3,1,0,0.1502
32,11,2,2,0,-486,1,1,1,19,9,1071,4,-1,9,3,0,0,0.1502
60,3,1,2,0,5863,0,0,0,9,6,1235,23,-1,2,3,0,0,0.1087
20,0,1,1,0,-397,0,0,0,2,8,2593,25,-1,0,3,1,0,0.1034
53,2,0,1,0,-89,1,0,0,17,1,339,41,295,2,3,0,0,0.1987
53,4,1,1,0,2110,1,0,1,11,0,1143,22,-1,8,3,0,0,0.1987
78,0,2,1,0,5134,1,0,0,7,2,2196,46,-1,6,3,0,0,0.1502
32,9,1,2,0,6631,1,0,0,21,0,221,35,-1,7,3,0,0,0.1034
66,4,2,1,0,7853,0,0,0,23,6,44,9,-1,3,3,0,0,0.1502
67,3,2,2,0,3125,1,0,1,15,8,3294,26,-1,8,2,0,0,0.1502
73,4,1,1,0,5994,1,1,0,13,8,3073,37,177,4,3,0,0,0.1087
31,6,1,1,0,7194,1,0,2,5,4,100,25,-1,8,3,0,0,0.1034
32,1,1,1,0,-66,1,0,0,21,0,575,30,-1,7,3,0,0,0.1034
76,7,0,1,0,141,1,0,0,9,8,3568,12,-1,5,3,0,0,0.1087
54,0,1,1,0,4407,0,0,0,30,5,1193,31,-1,0,1,0,0,0.1087
52,8,1,3,0,3106,1,0,0,19,2,2932,13,-1,9,3,0,0,0.1987
43,1,0,2,0,6367,1,0,0,5,11,229,36,-1,3,0,0,0,0.0403
64,8,1,1,0,399,1,0,1,23,6,1049,25,-1,8,1,0,0,0.1087
76,7,1,1,0,2140,0,0,2,20,8,3092,1,-1,0,0,0,0,0.1087
19,1,0,2,0,1378,1,0,0,16,1,2724,13,-1,8,1,0,0,0.1034
48,5,0,2,0,8035,1,0,0,3,11,2717,37,-1,2,0,0,0,0.1275
77,3,1,2,0,6204,1,0,1,29,7,1071,23,188,7,3,0,0,0.1087
54,2,1,0,0,1250,0,0,1,13,1,904,3,-1,5,0,0,0,0.1087
31,5,2,1,0,6511,0,0,0,10,9,1721,21,-1,5,3,0,0,0.1502
58,5,1,2,0,319,0,0,0,13,5,1088,47,-1,9,3,0,0,0.1087
30,10,1,0,0,1268,0,0,0,10,9,294,14,-1,7,3,0,0,0.1034
67,6,2,3,0,8402,1,0,0,17,11,208,29,-1,2,3,0,0,0.1502
27,7,1,2,0,-235,0,0,0,26,6,712,36,-1,7,3,1,0,0.1034
52,11,1,1,0,1900,1,0,0,17,6,1361,10,-1,1,3,0,0,0.1987
68,9,1,1,0,2580,1,0,0,21,7,37,48,-1,7,3,0,0,0.1087
66,0,1,1,0,4675,1,0,0,26,7,2178,4,-1,0,3,1,0,0.1087
74,4,1,0,0,7215,0,0,2,24,8,2801,23,-1,8,0,1,0,0.1087
59,7,2,2,0,1565,0,0,2,18,4,2875,39,-1,4,3,0,0,0.1502
37,2,1,2,0,5677,0,0,0,28,4,3298,42,130,0,3,0,0,0.1034
29,8,0,2,0,3615,1,0,0,4,5,1836,12,68,7,3,0,0,0.1034
40,10,1,1,0,2341,1,0,1,3,5,29,21,-1,6,3,1,0,0.0403
39,10,1,1,0,8646,1,0,2,22,9,310,27,-1,5,0,0,0,0.1809
31,3,1,1,0,2872,0,0,0,9,5,656,42,-1,5,3,0,0,0.1034
23,3,1,1,0,3736,0,0,0,19,5,3422,1,-1,0,3,0,0,0.1034
56,2,2,2,0,3502,0,1,1,17,1,2811,22,-1,3,3,0,0,0.1502
23,9,1,2,0,2823,0,0,2,23,3,3072,32,-1,6,3,0,0,0.1034
25,4,0,1,0,247,0,0,0,9,8,3138,15,-1,5,3,1,0,0.1034
44,9,2,0,0,4025,0,0,2,2,4,1590,46,-1,6,3,0,0,0.1502
26,6,2,1,0,1335,1,0,0,6,11,1871,39,281,5,0,0,0,0.1979
18,10,1,2,0,1040,1,0,0,29,0,2792,17,-1,5,3,0,0,0.1034
32,1,0,1,0,7552,1,0,0,25,11,1269,10,-1,5,3,0,0,0.1034
44,10,1,3,0,5914,1,0,0,27,3,3059,18,-1,9,3,0,0,0.1275
52,6,1,3,0,5406,1,0,0,19,10,2489,21,179,3,3,0,0,0.1987
21,4,1,2,0,771,0,0,0,5,3,1282,46,-1,4,0,0,0,0.1809
63,2,1,2,0,7680,0,0,1,3,6,397,4,-1,5,3,0,0,0.1087
64,9,1,0,0,1687,1,0,0,24,8,241,30,-1,6,3,0,0,0.1087
57,2,1,2,1,2514,0,0,0,16,0,2140,28,-1,9,3,0,0,0.1087
79,1,0,1,0,4209,1,0,0,19,3,1248,49,354,4,2,0,0,0.1087
62,5,2,1,0,1976,1,0,0,30,8,3166,24,-1,5,3,1,0,0.0581
18,0,1,3,0,6597,1,0,1,13,3,1474,28,-1,0,0,1,0,0.1809
62,8,0,2,0,4114,0,0,0,23,9,1411,20,-1,1,3,0,0,0.1087
33,10,0,1,0,8509,0,0,0,5,5,2453,42,-1,8,3,0,0,0.1034
63,8,2,1,0,1892,1,0,0,13,0,3535,23,-1,0,0,0,0,0.4783
53,6,1,1,0,4810,0,0,0,7,9,3208,37,-1,3,3,0,0,0.1987
50,3,1,2,0,1200,0,0,0,2,11,3035,37,-1,2,3,0,0,0.2574
28,9,1,2,0,5796,0,0,0,1,8,831,7,-1,7,2,0,0,0.1034
60,11,1,1,0,8690,0,0,0,1,4,1920,25,0,6,0,0,0,0.1087
46,5,1,2,0,6514,0,0,0,3,7,1173,43,-1,2,3,0,0,0.0403
19,2,1,0,0,8101,0,0,0,28,3,287,30,279,5,3,0,0,0.1034
66,0,1,1,0,9183,1,0,0,1,5,3550,46,-1,3,0,0,0,0.1087
67,10,1,1,0,1069,1,0,0,6,11,2410,3,-1,4,3,0,0,0.2574
67,7,1,3,0,1130,1,0,2,23,3,2570,25,-1,3,3,0,0,0.1087
38,9,1,2,0,5190,0,0,0,22,8,2668,37,-1,0,3,0,0,0.1034
46,2,2,1,0,4868,0,0,1,5,7,660,4,-1,1,3,1,0,0.1502
50,0,0,2,0,4,1,1,0,30,11,275,8,-1,2,3,0,0,0.0
30,9,1,1,0,2545,1,0,0,24,2,1409,37,-1,1,2,1,0,0.1034
45,5,1,1,0,2248,0,1,2,16,5,907,29,345,1,3,0,0,0.0403
42,3,2,2,0,3485,1,0,0,14,8,1951,35,-1,2,3,0,0,0.1502
67,5,1,0,0,1439,1,0,0,10,10,2755,39,-1,6,3,0,0,0.1087
25,11,2,3,0,3619,1,0,0,19,10,1689,36,-1,8,3,0,0,0.1502
35,10,1,1,0,2597,0,0,1,11,7,1237,45,-1,8,3,0,0,0.1034
40,9,1,2,0,9444,1,0,0,20,1,3025,15,-1,7,3,0,0,0.1275
42,11,2,0,0,4916,1,0,0,7,6,2164,1,-1,8,3,0,0,0.1502
70,1,2,2,0,-467,0,0,2,12,6,1730,22,-1,1,2,0,0,0.1502
49,4,0,0,0,5973,0,0,0,5,3,1134,10,-1,9,3,0,0,0.0403
57,0,1,2,0,3950,1,0,0,7,3,3140,31,-1,3,3,0,0,0.1087
61,8,1,1,0,9400,1,1,0,17,2,2744,5,-1,9,3,0,0,0.1087
79,1,1,1,0,7064,0,0,0,6,1,3190,16,-1,3,3,0,0,0.1087
74,7,1,1,0,8703,1,0,0,28,8,471,9,-1,2,2,0,0,0.1087
43,10,2,1,0,6231,1,0,0,8,4,2062,17,-1,5,2,0,0,0.1502
42,8,2,2,0,7406,1,1,0,6,6,2925,49,-1,6,0,0,0,0.4783
57,11,2,2,0,9911,1,1,0,17,0,565,7,-1,9,3,0,0,0.1502
78,2,2,2,0,4929,1,0,0,24,6,2332,10,-1,6,3,0,0,0.1502
48,10,1,1,0,5018,0,0,1,11,4,147,46,-1,3,0,0,0,0.0403
61,3,2,3,0,8930,0,0,0,19,7,2158,4,-1,8,3,0,0,0.1502
70,8,2,2,0,511,0,0,0,13,3,1666,42,-1,3,3,0,0,0.1502
31,10,2,1,0,2288,0,0,0,27,7,1054,27,-1,1,3,0,0,0.0581
36,1,1,2,0,2001,0,0,1,7,7,2743,16,-1,2,3,0,0,0.1034
21,9,1,1,0,8217,1,0,0,13,5,117,34,-1,5,3,0,0,0.1034
70,1,1,0,0,9603,0,0,1,17,4,1345,7,-1,1,3,0,0,0.1087
38,9,2,1,0,4457,0,1,0,3,6,2922,12,-1,4,3,1,0,0.1502
36,3,1,1,0,355,1,0,0,20,1,968,40,-1,4,3,0,0,0.1034
24,11,1,1,0,7565,1,1,1,7,1,3218,31,-1,0,3,0,0,0.1034
58,10,1,1,0,8879,0,0,2,24,0,846,46,-1,4,1,0,0,0.1087
75,5,0,1,0,9834,0,0,0,11,6,1546,26,-1,3,3,1,0,0.1087
57,7,1,1,0,2462,1,0,0,3,7,836,6,255,2,1,0,0,0.1087
18,1,2,1,0,3609,0,0,0,16,1,1123,2,-1,1,3,0,0,0.5
64,5,2,1,0,7384,1,1,1,8,0,44,23,-1,7,3,1,0,0.1502
44,9,2,1,0,1647,1,0,0,11,2,2283,31,-1,8,3,0,0,0.1502
40,7,2,0,0,4376,1,0,0,26,3,561,49,-1,9,3,0,0,0.0581
26,2,1,1,0,-277,0,0,0,29,6,329,11,-1,1,3,0,0,0.1034
21,9,1,2,0,9349,1,1,2,5,10,1340,8,-1,9,0,0,0,0.1809
65,3,1,2,0,8693,0,1,2,10,6,2763,34,-1,7,3,0,0,0.1087
37,10,1,1,0,728,0,0,1,28,7,993,6,-1,0,3,0,0,0.1034
57,10,2,2,0,9596,1,0,1,29,7,585,44,-1,7,3,0,0,0.0581
54,4,1,1,0,8463,0,0,1,20,2,942,3,-1,7,3,1,0,0.1087
74,3,1,2,0,7254,0,1,0,13,6,2114,3,-1,1,3,0,0,0.1087
67,6,1,1,1,9157,1,0,0,17,7,878,9,-1,4,3,1,0,0.1087
77,6,1,2,0,8953,0,0,0,9,0,1575,18,-1,1,2,0,0,0.1087
63,6,1,1,0,2207,0,0,0,30,10,340,31,-1,9,3,0,0,0.1087
33,0,2,1,0,1421,1,0,0,29,8,2934,32,-1,9,3,0,0,0.0581
53,9,2,0,0,4693,1,0,0,6,10,2487,5,-1,9,3,0,0,0.1502
50,1,1,1,0,3257,0,1,0,25,10,233,29,-1,8,3,1,0,0.1987
76,5,1,0,0,1880,1,0,2,25,11,2091,36,350,5,3,1,0,0.2574
61,4,2,1,0,7220,0,0,2,3,6,1420,29,222,6,3,0,0,0.1502
37,7,1,2,0,1630,1,0,2,21,7,2878,45,199,6,3,0,0,0.1034
40,4,1,1,0,8214,1,0,0,28,4,2066,19,-1,6,3,0,0,0.0403
59,4,1,1,0,7421,0,0,2,2,7,299,30,-1,2,3,0,0,0.1087
68,11,1,1,0,63,0,0,1,4,9,3217,24,-1,4,0,0,0,0.1087
52,2,1,3,0,4743,0,0,1,17,3,1947,41,84,8,3,0,0,0.1987
24,1,1,1,0,3865,0,0,0,7,8,2497,16,-1,7,3,0,0,0.1034
53,4,1,1,0,5522,0,1,0,22,1,1046,4,125,7,3,0,0,0.1987
64,4,1,1,0,1725,0,1,0,19,4,2521,44,-1,3,0,0,0,0.1087
38,0,1,1,0,7197,1,1,2,7,3,1587,10,19,8,0,1,0,0.1809
62,8,0,1,0,9584,0,0,2,1,10,2578,43,-1,0,3,0,0,0.1087
71,5,1,1,0,7890,1,0,0,27,5,1146,49,-1,1,3,0,0,0.1087
77,5,1,1,0,2084,1,0,0,22,9,617,18,120,3,3,0,0,0.1087
57,5,1,1,0,2975,0,0,0,12,6,916,25,-1,1,3,0,0,0.1087
61,2,2,1,0,4822,0,0,0,29,10,2849,29,-1,9,3,0,0,0.0581
32,2,1,1,0,-353,1,0,0,30,4,519,29,-1,0,3,0,0,0.1034
75,2,0,1,0,4052,1,0,0,10,8,34,28,-1,6,3,0,0,0.1087
41,5,2,2,0,8667,1,1,0,18,5,2584,11,-1,7,3,0,0,0.1502
34,11,1,1,0,5123,1,0,2,30,11,759,31,-1,7,3,0,0,0.1034
74,9,0,1,0,5468,0,1,2,4,6,3436,49,-1,2,3,0,0,0.1087
69,10,2,1,0,3069,1,1,1,5,1,556,9,-1,9,3,0,0,0.1502
23,0,1,2,0,6173,1,0,2,18,7,2603,25,-1,0,3,0,0,0.1034
19,3,2,2,0,4148,1,0,0,26,11,1199,42,-1,0,2,0,0,0.2667
36,11,1,1,0,-273,1,0,0,17,9,1630,19,-1,2,3,0,0,0.1034
39,8,1,1,0,720,0,0,0,17,8,2868,10,346,6,3,0,0,0.1034
50,8,2,2,0,2185,0,0,0,14,5,1775,5,138,0,3,0,0,0.1502
24,6,1,2,0,6799,0,0,0,20,11,2585,38,-1,0,3,0,0,0.1034
55,11,2,2,0,6866,1,0,0,13,10,1536,25,-1,9,2,1,0,0.1502
36,6,1,2,0,421,1,1,0,30,9,1670,35,-1,8,3,0,0,0.1034
47,5,1,2,0,3216,1,0,2,28,3,3395,35,-1,9,3,0,0,0.1275
66,8,2,2,0,7398,1,0,0,19,11,1514,39,-1,4,3,0,0,0.1502
27,1,2,1,0,567,0,0,0,1,1,2534,42,-1,5,2,1,0,0.1502
75,11,1,1,0,5432,1,0,2,29,9,3061,48,-1,8,3,0,0,0.1087
36,4,1,1,0,6315,0,0,0,17,2,3295,38,-1,5,3,0,0,0.1034
45,0,0,2,0,58,1,0,0,14,6,1603,40,-1,9,3,1,0,0.0403
19,7,1,3,0,9346,1,0,0,15,3,2113,49,-1,2,3,0,0,0.1034
71,6,2,3,0,1711,1,0,1,14,3,758,29,-1,4,2,0,0,0.1502
71,4,1,1,0,107,0,0,2,8,5,2092,40,-1,6,0,0,0,0.1087
27,6,2,1,0,8671,0,0,0,20,1,2168,38,-1,4,3,0,0,0.1502
58,1,1,1,0,5022,0,0,1,30,0,2294,35,170,0,3,0,0,0.1087
51,6,2,0,0,4642,1,0,0,23,11,1622,49,-1,0,3,0,0,0.1502
67,4,1,0,0,-305,1,0,0,14,4,188,38,-1,6,3,0,0,0.1087
27,1,1,1,0,1154,0,0,1,19,2,892,43,-1,7,3,0,0,0.1034
75,6,2,2,0,2015,0,0,2,24,9,2638,20,3,7,3,0,0,0.1502
48,0,1,1,0,2323,0,0,0,13,3,3317,14,-1,2,0,1,0,0.1275
56,4,1,0,0,8011,0,0,2,6,4,1309,48,376,0,0,0,0,0.1087
62,9,1,2,0,6546,1,0,1,20,5,1250,14,-1,4,3,0,0,0.1087
41,0,1,2,0,8747,0,0,0,6,10,131,41,353,8,3,0,0,0.0403
62,7,1,2,0,7319,0,0,1,2,0,1191,12,103,1,3,0,0,0.1087
24,8,1,2,0,1919,0,0,2,11,0,2648,8,-1,3,3,0,0,0.1034
19,5,1,1,0,5530,1,0,1,8,6,1978,21,-1,7,3,0,0,0.1034
38,2,1,1,0,5955,0,1,0,22,2,288,44,-1,8,3,0,0,0.1034
41,9,1,1,0,8722,1,0,0,15,6,1179,16,113,6,3,0,0,0.0403
24,2,2,2,0,294,1,0,0,16,6,616,13,-1,6,3,1,0,0.1502
52,5,2,1,0,8210,1,1,2,19,8,2144,22,-1,1,3,0,0,0.1502
33,3,2,0,0,4173,0,0,2,5,6,3228,12,92,5,3,0,0,0.1502
29,2,1,1,0,2113,0,0,2,26,9,1186,49,-1,7,3,1,0,0.1034
43,4,2,1,0,9009,1,0,0,13,4,2990,19,-1,2,3,0,0,0.1502
26,0,1,1,0,3061,1,0,0,13,6,851,25,-1,2,3,0,0,0.1034
39,4,2,2,0,8129,0,1,0,10,5,1672,34,-1,6,3,0,0,0.1502
50,7,1,1,0,1063,0,0,0,3,0,2030,9,-1,4,3,0,0,0.1987
58,1,1,1,0,7407,1,0,2,24,7,568,7,-1,7,3,0,0,0.1087
67,9,0,3,0,9368,0,0,0,25,4,3323,46,-1,0,0,1,0,0.1087
71,9,0,0,0,6883,0,0,0,9,2,1956,7,-1,9,3,0,0,0.1087
28,6,1,1,0,130,1,0,2,14,4,2269,40,-1,4,3,0,0,0.1034
72,4,1,3,0,6465,1,0,0,10,2,1149,35,59,1,3,0,0,0.1087
27,0,1,1,0,4261,0,1,0,10,0,2259,30,-1,8,3,1,0,0.1034
32,8,2,1,0,2425,1,0,0,30,6,241,20,-1,8,3,0,0,0.0581
67,7,0,3,0,9609,0,0,0,12,7,812,13,-1,5,3,0,0,0.1087
73,6,0,1,0,4987,1,0,0,10,11,3160,9,-1,7,3,0,0,0.2574
50,10,1,1,0,2349,0,0,0,27,5,3128,41,-1,7,3,0,0,0.1987
69,6,2,0,0,6714,1,0,2,10,8,2060,38,326,0,3,0,0,0.1502
71,1,1,1,0,6139,1,0,2,24,2,3590,1,-1,6,3,0,0,0.1087
59,0,1,0,0,5105,1,0,0,29,11,686,42,-1,8,3,0,0,0.2574
52,11,1,1,0,7434,0,0,2,15,4,1126,46,-1,0,3,1,0,0.1987
40,6,2,2,0,860,0,0,0,14,6,1619,10,-1,8,0,0,0,0.1979
73,6,1,0,0,22,0,1,0,12,9,672,18,32,2,3,0,0,0.1087
47,5,2,1,0,5344,1,0,1,29,9,2115,10,-1,6,3,0,0,0.0581
38,1,1,2,0,7495,1,0,0,12,7,957,40,-1,4,3,0,0,0.1034
65,4,1,2,0,7558,1,0,0,9,9,1230,21,-1,3,3,1,0,0.1087
71,7,1,1,0,9406,0,0,0,20,9,294,1,200,7,3,1,0,0.1087
35,7,2,2,0,677,0,0,0,8,8,1171,12,-1,5,3,0,0,0.1502
20,4,1,0,0,4581,1,0,2,11,0,897,44,-1,9,3,0,0,0.1034
70,10,1,2,0,5852,1,0,0,3,3,1457,8,-1,0,3,0,0,0.1087
64,8,1,1,0,2277,1,1,2,11,9,1565,24,-1,2,3,1,0,0.1087
46,1,0,1,0,1532,1,0,2,19,8,254,21,-1,2,3,0,0,0.0403
32,8,1,0,0,9587,0,0,2,24,5,185,17,-1,7,3,0,0,0.1034
38,10,2,1,0,3706,1,1,0,4,0,860,33,133,6,3,0,0,0.1502
53,11,1,1,0,7006,0,0,0,7,3,766,8,11,1,3,0,0,0.1987
69,5,1,2,0,7750,1,0,2,12,4,257,47,140,5,0,0,0,0.1087
37,10,2,1,0,6210,1,0,0,7,2,1032,10,-1,9,3,0,0,0.1502
38,3,1,1,0,2344,1,0,1,7,0,1976,1,196,0,3,0,0,0.1034
64,0,1,1,0,7062,0,0,2,15,10,2731,5,-1,0,3,0,0,0.1087
76,3,2,1,0,789,0,0,0,13,4,915,6,-1,9,3,0,0,0.1502
28,3,1,2,0,4491,1,0,0,1,6,1846,19,-1,1,0,1,0,0.1809
18,5,1,0,0,1584,1,1,2,28,8,756,28,-1,7,3,0,0,0.1034
50,0,2,1,0,6849,0,1,0,8,4,476,33,157,7,3,0,0,0.1502
69,9,2,1,0,6501,0,0,0,11,3,2153,28,-1,6,3,0,0,0.1502
64,2,2,1,0,6920,0,0,0,17,7,1679,44,-1,5,3,0,0,0.1502
18,5,1,0,0,601,0,0,1,18,10,803,11,-1,9,3,0,0,0.1034
69,0,2,1,0,1827,1,0,1,21,6,1348,33,-1,6,3,1,0,0.1502
58,11,1,1,0,5582,0,1,0,22,5,3505,20,-1,0,3,0,0,0.1087
50,11,1,0,0,8057,1,0,2,15,3,2356,45,-1,5,3,0,0,0.1987
27,7,1,1,0,6871,0,1,2,17,8,787,37,144,6,3,0,0,0.1034
77,4,2,1,0,9593,1,0,2,20,0,3406,2,193,0,3,0,0,0.1502
20,10,2,1,0,8242,1,0,0,18,3,1608,24,-1,1,3,0,0,0.1502
63,11,2,0,0,673,0,0,0,24,0,2292,2,-1,9,2,0,0,0.1502
30,5,1,1,0,1907,1,1,0,29,3,647,23,-1,9,3,0,0,0.1034
43,5,0,1,0,5990,1,0,0,29,2,1177,15,-1,1,3,1,0,0.0403
28,10,1,0,0,7953,0,1,2,25,9,2854,32,-1,3,3,0,0,0.1034
76,4,1,1,0,7947,0,0,2,11,9,3539,45,-1,6,3,0,0,0.1087
75,0,2,2,0,2408,1,0,0,3,8,2043,45,-1,7,3,0,0,0.1502
37,5,2,0,0,5007,0,0,1,12,9,1184,40,-1,9,3,0,0,0.1502
69,9,0,1,0,1385,0,0,2,23,5,2614,14,-1,4,1,0,0,0.1087
36,0,1,1,0,1947,0,0,1,24,4,2061,28,-1,0,3,0,0,0.1034
39,10,1,1,0,4312,0,0,1,4,1,1288,48,-1,1,3,0,0,0.1034
31,4,1,3,0,2179,1,0,0,12,3,1032,29,86,7,3,0,0,0.1034
47,9,2,0,0,4021,1,0,0,16,5,2499,39,-1,1,3,0,0,0.1502
22,3,1,2,0,4505,0,0,2,12,5,2854,45,-1,4,1,0,0,0.1034
68,3,1,1,0,3495,1,0,1,19,2,2556,8,-1,6,3,0,0,0.1087
41,3,1,1,0,4809,0,0,0,5,0,2136,28,-1,3,3,0,0,0.0403
63,10,0,2,0,9922,1,0,0,27,8,82,15,-1,9,1,0,0,0.1087
59,4,1,1,0,8152,1,1,0,12,8,2026,8,-1,4,3,0,0,0.1087
68,3,1,1,0,1756,1,0,0,7,6,1012,13,-1,8,3,0,0,0.1087
46,4,1,0,0,1047,0,0,0,3,7,3545,30,-1,6,3,0,0,0.1275
38,3,1,2,0,4736,0,0,0,1,6,327,41,-1,0,3,0,0,0.1034
47,6,1,0,0,3829,1,0,2,10,5,3475,4,-1,2,3,0,0,0.1275
21,4,2,0,0,8378,1,0,0,27,3,1819,42,182,0,3,0,0,0.2667
20,4,2,0,0,6618,1,0,0,23,6,2696,8,-1,3,3,0,0,0.1502
58,8,1,1,0,6761,0,0,0,16,5,1059,13,-1,5,3,0,0,0.1087
46,9,1,1,0,5825,1,0,2,9,8,3144,18,-1,6,2,0,0,0.1275
54,7,1,1,0,8959,1,1,1,27,9,1097,46,-1,1,3,0,0,0.1087
33,4,1,2,0,4653,0,0,0,23,7,1733,30,-1,5,3,0,0,0.1034
75,3,1,2,0,2014,1,0,0,17,6,1855,25,-1,2,3,0,0,0.1087
38,10,0,1,0,9643,1,0,0,23,10,2998,9,268,6,3,0,0,0.1034
61,8,2,2,0,1218,1,0,0,8,10,2240,41,-1,2,3,0,0,0.1502
70,8,1,0,0,52,1,0,0,16,3,1373,24,-1,3,3,0,0,0.1087
37,11,1,1,0,1968,1,0,2,19,4,3215,15,-1,8,0,1,0,0.1809
56,3,1,1,0,7870,0,0,2,24,3,2283,25,-1,3,3,0,0,0.1087
41,4,1,1,0,1018,1,0,0,21,8,3292,32,-1,1,3,0,0,0.1275
24,2,2,1,0,3870,0,0,2,23,8,1600,27,-1,4,3,0,0,0.1502
73,2,2,1,0,375,1,0,1,2,7,412,12,-1,1,3,0,0,0.1502
38,7,0,2,0,3794,0,0,0,2,1,595,36,-1,3,3,0,0,0.1034
61,10,1,1,0,3214,0,0,1,17,7,3040,26,-1,3,3,0,0,0.1087
19,8,0,2,0,8019,1,1,0,13,6,1758,49,149,0,3,0,0,0.1034
76,9,1,1,0,5274,0,0,1,5,7,1286,38,-1,8,1,0,0,0.1087
36,7,2,1,0,9925,0,0,1,18,7,631,43,-1,1,3,0,0,0.1502
61,11,2,1,0,1304,0,0,0,27,9,505,38,-1,9,3,0,0,0.0581
37,5,1,1,0,569,0,1,0,8,9,168,2,-1,5,0,0,0,0.1809
61,0,2,1,0,1461,1,0,2,9,2,1301,37,-1,3,0,0,0,0.1979
39,2,1,0,0,5601,1,0,0,30,5,3166,3,-1,8,3,0,0,0.1034
30,4,2,1,0,7191,1,0,0,22,10,232,25,-1,2,2,0,0,0.1502
77,8,2,2,0,9822,0,0,1,18,6,1399,43,-1,0,3,0,0,0.1502
64,5,2,1,0,456,0,0,0,6,1,2979,22,-1,5,0,0,0,0.4783
48,3,0,0,0,2596,1,0,0,8,5,1068,42,-1,5,3,0,0,0.0403
25,5,1,2,0,-374,1,0,2,26,11,772,29,-1,9,0,0,0,0.1809
66,7,1,1,0,1134,0,0,0,6,5,1858,5,347,7,3,0,0,0.1087
58,6,1,0,0,1117,0,1,2,13,7,267,10,-1,9,0,0,0,0.1087
61,9,1,0,0,2866,1,0,1,20,1,967,29,115,2,3,0,0,0.1087
20,3,2,1,0,6787,1,0,1,30,5,2955,49,-1,2,3,0,0,0.0581
36,7,2,1,0,9500,1,1,0,10,11,495,5,-1,6,3,0,0,0.1502
34,4,1,2,0,8779,1,0,0,3,0,691,25,224,6,3,0,0,0.1034
67,4,1,1,0,9649,0,0,0,20,5,1342,31,-1,2,0,0,0,0.1087
21,1,1,2,0,6783,1,0,0,22,5,1664,47,-1,7,3,0,0,0.1034
52,6,1,2,0,201,1,0,0,14,2,2071,32,-1,9,3,0,0,0.1987
68,0,1,1,0,7299,1,0,0,12,8,443,13,-1,4,3,0,0,0.1087
75,2,1,2,0,9612,0,0,0,3,2,112,27,-1,3,3,0,0,0.1087
39,6,1,2,0,1150,0,1,2,9,11,2662,6,-1,2,3,0,0,0.1034
68,9,1,1,0,5290,1,0,2,23,0,1877,20,-1,5,2,1,0,0.1087
54,2,1,2,0,2303,0,0,0,25,2,233,6,-1,5,3,0,0,0.1087
19,0,2,1,0,8380,1,0,0,1,1,3135,1,-1,6,3,0,0,0.5
51,2,1,2,0,8153,1,0,0,29,6,3512,20,-1,1,3,0,0,0.1987
49,5,2,1,0,137,0,0,0,18,7,383,2,-1,5,3,0,0,0.1502
61,3,1,2,0,9626,1,0,1,21,4,2007,33,-1,0,3,0,0,0.1087
32,0,1,2,0,4040,1,0,0,23,1,2500,25,-1,4,3,0,0,0.1034
49,6,1,1,0,3252,1,0,0,18,11,868,15,-1,3,3,0,0,0.0403
30,11,1,1,0,2807,1,1,1,28,1,2804,49,-1,7,0,0,0,0.1809
79,0,1,2,0,6848,1,0,0,12,2,1504,37,-1,8,3,0,0,0.1087
44,1,2,0,0,4454,1,0,0,13,0,2445,26,-1,6,3,1,0,0.1502
37,6,1,2,0,3689,0,1,0,20,2,1243,24,-1,1,0,1,0,0.1809
23,0,2,2,0,7070,1,0,0,8,0,2992,8,-1,4,3,0,0,0.1502
62,5,2,1,0,2083,0,0,1,29,3,1837,4,-1,8,3,0,0,0.0581
74,8,1,2,0,7720,1,1,0,4,10,2156,8,119,6,3,0,0,0.1087
72,4,0,2,0,794,0,1,0,21,6,730,26,-1,4,3,0,0,0.1087
51,0,0,1,0,1621,1,0,0,4,9,2924,29,-1,9,3,0,0,0.1987
30,9,2,2,1,4308,1,0,0,3,4,2121,22,241,9,3,0,0,0.1502
49,10,1,1,0,5047,0,0,1,11,11,699,20,-1,4,3,0,0,0.0403
47,7,1,1,0,3313,1,0,0,2,7,413,37,-1,4,3,0,0,0.0403
22,7,0,1,0,3757,0,0,1,17,8,607,22,39,5,3,0,0,0.1034
32,7,1,2,0,6187,1,0,2,10,1,1640,1,-1,0,3,0,0,0.1034
61,9,2,1,0,5027,0,0,1,25,8,3466,7,-1,7,3,0,0,0.0581
77,4,2,2,0,-332,1,0,0,3,5,1717,25,-1,4,3,0,0,0.1502
64,6,1,2,0,4636,1,1,0,24,5,3392,21,-1,5,3,0,0,0.1087
78,4,1,0,0,4165,1,0,1,23,4,1891,48,-1,5,0,0,0,0.1087
28,9,2,1,1,9053,0,0,0,16,3,3499,16,-1,2,0,0,0,0.4783
54,2,2,1,0,9160,0,0,0,1,8,892,42,-1,9,3,0,0,0.1502
49,4,2,1,0,329,0,0,1,30,10,803,31,-1,9,0,0,0,0.1979
64,10,2,2,0,9733,1,0,1,29,11,2463,23,-1,1,3,0,0,0.0581
73,10,1,0,0,4005,1,0,2,5,2,2968,9,-1,0,3,0,0,0.1087
79,2,1,1,0,-483,0,1,0,15,4,2572,18,174,2,3,0,0,0.1087
69,2,1,1,0,1358,0,0,2,1,9,2421,36,-1,2,3,0,0,0.1087
36,11,1,2,0,1764,0,0,2,10,2,2934,22,3,3,3,0,0,0.1034
78,0,2,2,0,5760,1,1,1,20,1,137,26,245,8,3,0,0,0.1502
62,10,2,2,0,2890,1,0,2,6,8,2055,10,-1,4,3,0,0,0.1502
23,5,1,2,0,9730,0,0,0,8,5,3210,43,395,0,3,0,0,0.1034
47,0,1,2,0,1014,0,1,0,22,0,345,46,-1,8,3,0,0,0.0403
46,0,1,1,0,9452,1,0,0,25,3,3391,17,274,6,3,0,0,0.1275
22,3,1,1,0,5450,1,0,1,10,2,354,34,-1,2,3,0,0,0.1034
70,9,1,2,0,1579,1,0,0,30,8,798,21,-1,1,3,0,0,0.1087
41,8,0,2,0,5945,0,1,0,2,8,1308,21,-1,7,3,0,0,0.0403
60,11,1,1,0,8886,1,0,0,25,9,2793,25,-1,8,3,0,0,0.1087
63,10,0,1,0,5791,1,0,0,13,8,3191,49,-1,8,3,0,0,0.1087
66,2,2,1,0,8465,0,0,0,11,3,914,19,-1,3,3,0,0,0.1502
70,3,2,0,0,1265,1,0,2,26,2,131,32,-1,6,3,0,0,0.0581
52,11,2,2,0,2312,1,0,0,16,7,20,10,392,1,3,0,0,0.1502
47,9,2,3,0,7651,1,0,2,4,0,3073,21,-1,0,3,0,0,0.1502
28,0,0,1,0,5878,1,0,0,1,8,979,3,-1,1,3,0,0,0.1034
40,2,2,1,0,5378,1,0,0,29,2,2374,3,-1,2,3,0,0,0.0581
51,6,2,2,0,4834,0,0,0,29,4,1795,28,-1,2,0,0,0,0.1979
26,4,1,1,0,6522,1,0,1,15,6,97,8,-1,4,3,0,0,0.1034
37,4,1,2,0,7782,1,0,0,24,1,1836,7,-1,8,3,0,0,0.1034
77,3,1,0,0,2754,1,0,0,29,8,116,37,-1,4,3,0,0,0.1087
29,3,1,2,1,2441,0,0,1,5,0,975,48,-1,6,3,0,0,0.1034
27,4,1,2,0,7954,1,1,1,9,3,731,15,193,6,3,0,0,0.1034
50,6,1,2,0,9146,0,0,0,11,9,1726,11,-1,8,3,1,0,0.1987
42,2,1,2,0,-34,1,0,0,5,9,3210,20,-1,2,3,0,0,0.1275
40,4,1,2,0,-155,0,0,2,25,1,3006,43,273,7,0,1,0,0.1275
23,11,1,3,0,8520,0,0,2,1,0,2681,29,-1,8,3,0,0,0.1034
59,9,1,1,0,4743,1,0,0,20,1,2464,22,-1,5,3,0,0,0.1087
60,7,0,2,0,3034,0,0,1,21,6,2600,22,-1,3,3,0,0,0.1087
62,7,2,2,0,6301,0,1,0,3,9,1617,24,-1,5,3,0,0,0.1502
66,2,0,2,0,8681,1,1,0,26,10,3541,21,251,7,1,1,0,0.1087
31,3,2,2,0,5443,1,0,0,25,5,3098,13,-1,0,3,0,0,0.2667
42,1,2,2,0,1273,1,0,0,16,0,685,29,-1,1,3,0,0,0.1502
66,8,2,2,0,3186,0,0,0,29,10,524,30,-1,7,3,0,0,0.0581
24,9,2,1,0,7433,1,0,2,2,0,1272,22,-1,4,3,0,0,0.1502
69,2,1,1,0,9814,0,0,0,1,3,1176,33,-1,4,3,0,0,0.1087
50,8,2,1,0,6384,1,0,2,30,9,1095,2,-1,6,3,0,0,0.0581
43,8,1,1,0,7443,1,0,0,24,11,571,4,-1,9,3,0,0,0.0403
49,11,1,2,0,5511,1,0,0,9,3,841,46,-1,9,2,0,0,0.0403
65,5,0,1,0,6063,0,0,0,10,2,2137,47,178,4,3,1,0,0.1087
44,7,1,2,0,4635,0,1,1,19,3,118,5,304,2,3,0,0,0.0403
72,11,1,1,0,6119,0,1,0,1,2,247,19,-1,3,3,0,0,0.1087
72,2,1,0,0,1256,1,0,0,23,5,3453,30,256,3,3,0,0,0.1087
53,4,1,1,0,-242,1,0,0,14,1,110,32,-1,7,3,0,0,0.1987
22,9,2,0,0,4321,0,0,0,10,5,2395,40,-1,6,3,1,0,0.1502
62,9,1,1,0,6543,1,0,0,24,6,2660,15,-1,2,3,0,0,0.1087
74,0,1,1,0,267,1,0,2,6,5,221,37,-1,0,3,1,0,0.1087
69,4,1,1,0,174,0,0,2,20,0,252,23,-1,0,3,0,0,0.1087
73,4,2,0,0,9658,1,0,2,21,10,3155,2,-1,4,0,0,0,0.0
56,2,1,1,0,8403,0,0,1,13,9,282,1,-1,0,3,1,0,0.1087
18,3,2,1,0,1834,0,0,2,13,10,2056,37,-1,8,3,0,0,0.5
75,2,0,1,0,36,0,0,2,20,4,29,40,-1,7,3,0,0,0.1087
20,6,2,0,0,8612,1,0,0,23,4,725,24,-1,6,0,0,0,0.1979
24,6,2,2,0,6396,1,0,2,6,1,2526,46,-1,1,0,0,0,0.1979
42,11,1,1,0,9916,0,0,0,25,4,3589,35,-1,4,0,1,0,0.1275
29,0,1,2,0,3227,1,0,0,28,7,206,21,-1,5,3,0,0,0.1034
25,3,1,1,0,2479,1,0,0,16,6,1737,6,-1,8,3,0,0,0.1034
44,11,1,2,0,5196,1,0,0,28,1,766,23,-1,3,3,0,0,0.0403
24,1,1,2,0,4939,0,1,0,30,7,2890,49,-1,9,3,0,0,0.1034
51,0,2,1,0,2532,1,0,2,12,8,2150,14,-1,7,3,1,0,0.1502
31,5,1,1,0,9180,1,0,0,3,5,3,44,97,1,0,0,1,0.6
60,4,0,2,0,3079,1,0,0,24,5,161,5,-1,1,3,0,0,0.1087
19,6,1,2,0,6372,1,0,2,27,7,1380,16,-1,9,3,0,0,0.1034
34,8,1,3,0,6123,1,0,2,19,2,457,7,274,5,3,1,0,0.1034
36,6,1,1,0,5684,0,0,0,1,11,3231,34,-1,4,3,0,0,0.1034
76,8,1,2,0,616,0,0,0,15,1,1203,25,-1,3,3,0,0,0.1087
51,4,0,2,0,4042,1,0,2,15,5,2203,47,-1,5,3,0,0,0.1987
71,1,2,2,0,7813,0,0,0,3,10,1965,43,-1,8,3,0,0,0.1502
23,8,1,1,1,6652,0,0,1,8,3,1402,25,-1,9,3,0,0,0.1034
21,6,1,3,0,9739,1,0,0,13,9,3151,19,-1,0,3,0,0,0.1034
22,8,1,0,1,3130,0,1,0,13,11,2160,33,-1,4,0,0,0,0.1809
55,9,1,2,0,6270,1,1,0,18,11,1434,22,-1,7,3,0,0,0.2574
29,10,1,1,0,2522,0,0,2,29,11,283,31,386,7,3,0,0,0.1034
61,1,2,1,0,6759,0,0,0,28,7,3084,20,-1,3,3,0,0,0.0581
57,1,0,0,0,5377,0,0,1,8,9,3430,29,-1,8,3,0,0,0.1087
78,6,0,2,0,-340,0,1,0,6,4,3367,12,-1,3,3,0,0,0.1087
75,2,0,2,0,9998,0,0,0,28,1,968,37,-1,5,3,0,0,0.1087
27,11,1,3,0,8376,0,0,2,2,7,3377,5,-1,6,3,1,0,0.1034
54,8,1,0,0,1344,0,1,2,23,1,3289,25,-1,4,3,0,0,0.1087
23,8,1,1,0,235,0,0,0,22,3,2333,1,-1,2,0,0,0,0.1809
41,4,1,1,0,2793,0,0,0,9,8,1686,18,-1,0,3,0,0,0.0403
62,3,1,1,0,8637,0,1,0,7,3,1153,49,-1,1,3,0,0,0.1087
34,0,1,1,0,5193,1,0,0,3,5,2060,19,-1,0,3,0,0,0.1034
78,4,1,1,0,3720,1,0,0,28,0,1351,46,-1,8,3,1,0,0.1087
24,2,1,0,0,3310,1,0,2,27,0,1320,30,-1,9,3,0,0,0.1034
52,0,1,1,0,2678,0,1,1,2,6,3256,13,93,3,3,0,0,0.1987
18,8,1,0,0,9151,1,1,2,20,6,2452,48,262,7,3,0,0,0.1034
35,8,1,2,0,9163,1,0,0,20,11,2205,43,-1,8,3,0,0,0.1034
38,3,2,1,0,4128,0,0,0,7,10,827,32,-1,5,3,0,0,0.1502
28,6,1,1,0,5430,1,1,0,30,9,2850,27,-1,3,3,0,0,0.1034
50,1,1,0,0,7776,1,0,1,1,5,68,34,-1,4,3,0,0,0.1987
68,5,2,2,0,4394,0,0,0,20,3,2432,44,-1,3,3,1,0,0.1502
21,0,2,2,0,6523,0,0,0,18,3,83,5,-1,1,1,0,0,0.1979
25,10,1,2,0,9621,0,0,0,6,3,1967,8,-1,0,3,0,0,0.1034
53,7,0,0,0,8832,1,1,2,7,7,3152,31,-1,0,3,0,0,0.1987
21,6,0,1,0,6286,1,0,0,6,10,3234,27,217,9,3,0,0,0.1034
34,7,1,0,0,4557,1,0,2,22,9,661,41,292,5,3,0,0,0.1034
68,6,0,1,0,3250,1,0,1,27,0,1571,35,-1,4,3,0,0,0.1087
78,4,1,3,0,1166,1,0,2,24,1,2822,49,187,7,0,0,0,0.1087
59,8,1,2,0,1712,1,1,0,11,4,276,44,-1,9,3,0,0,0.1087
38,9,2,1,0,20,0,0,2,29,8,1144,25,66,8,3,0,0,0.0581
24,2,1,1,0,3269,0,1,1,21,8,3212,26,-1,7,3,1,0,0.1034
36,6,2,1,0,655,1,0,0,3,4,1871,11,-1,7,3,0,0,0.1502
68,0,1,1,0,8639,0,0,0,29,7,2608,11,-1,7,3,0,0,0.1087
21,4,1,1,0,2947,1,0,2,30,3,1442,20,50,1,3,0,0,0.1034
66,7,0,1,0,7529,1,0,0,4,11,2457,43,-1,6,3,0,0,0.2574
71,4,1,1,0,8251,1,1,0,6,0,3321,18,88,5,3,0,0,0.1087
70,1,1,0,0,8721,0,0,2,27,2,1087,34,-1,6,3,0,0,0.1087
70,11,1,1,0,9393,0,1,2,19,3,293,18,64,3,3,0,0,0.1087
69,9,1,2,0,2493,0,1,0,5,1,2413,23,-1,7,3,0,0,0.1087
55,3,2,1,0,2053,1,0,0,8,9,1896,42,-1,7,2,0,0,0.1502
20,1,0,0,0,9230,0,0,0,18,3,2889,27,-1,9,0,0,0,0.1809
77,6,0,3,0,5030,0,0,2,29,3,1828,40,-1,3,3,0,0,0.1087
77,8,1,2,0,9397,0,0,0,3,11,248,9,39,4,3,0,0,0.0
66,7,2,0,0,5603,1,0,0,24,6,2404,38,-1,4,3,0,0,0.1502
30,5,0,2,1,6057,0,0,2,5,2,668,12,-1,5,3,0,0,0.1034
26,11,2,1,0,610,1,0,0,21,3,970,37,-1,2,0,0,0,0.1979
23,6,1,1,0,5084,0,0,0,13,7,1911,46,-1,1,3,0,0,0.1034
53,1,2,2,0,5785,1,0,0,1,3,2830,47,229,6,3,0,0,0.1502
41,2,1,1,0,6930,1,0,0,28,10,2452,38,-1,7,3,1,0,0.0403
50,6,1,1,0,1257,1,0,0,25,8,878,41,-1,1,3,0,0,0.1987
66,5,2,1,1,648,1,0,0,16,10,3567,45,-1,7,1,0,0,0.4783
37,8,1,2,0,4922,0,0,0,9,1,3394,17,-1,9,2,0,0,0.1034
23,3,1,1,0,7944,1,1,1,26,9,3191,5,-1,4,3,0,0,0.1034
